NAME,B01003_001E,B02001_002E,B02001_003E,B02001_004E,B02001_005E,B02001_006E,B02001_007E,B02001_008E,B02001_009E,B02001_010E,state,YEAR
Alabama,4633360,3256941,1209938,22969,46655,2025,38342,56490,4421,52069,01,2009
Alaska,683142,467650,25161,91939,31878,4269,11613,50632,2811,47821,02,2009
Arizona,6324865,4906936,227282,284265,153301,11045,577781,164255,51463,112792,04,2009
Arkansas,2838143,2228798,439355,19233,31120,2505,67135,49997,4819,45178,05,2009
California,36308527,22258042,2249404,283031,4473292,132535,5639234,1272989,383694,889295,06,2009
Colorado,4843211,4055379,186598,46018,125336,5030,282239,142611,32583,110028,08,2009
Connecticut,3494487,2792362,330186,8169,117515,1292,175333,69630,15240,54390,09,2009
Delaware,863832,626289,176743,2588,25084,134,18100,14894,1360,13534,10,2009
District of Columbia,588433,210983,324631,1573,17439,426,23935,9446,1308,8138,11,2009
Florida,18222420,13958847,2799699,54985,417740,9959,650124,331066,83118,247948,12,2009
Georgia,9497667,5899345,2818524,23947,268831,4988,349463,132569,23162,109407,13,2009
Hawaii,1280241,344681,30995,3781,493178,112940,16661,278005,8770,269235,15,2009
Idaho,1492573,1374465,9030,18352,16739,1827,35706,36454,5007,31447,16,2009
Illinois,12785043,9190854,1875767,23208,538728,3459,944969,208058,54719,153339,17,2009
Indiana,6342469,5436153,548998,14492,85470,1463,144281,111612,17345,94267,18,2009
Iowa,2978880,2759828,72103,9404,47092,832,46155,43466,6276,37190,19,2009
Kansas,2777835,2382407,157121,22722,60235,1614,81203,72533,10727,61806,20,2009
Kentucky,4252000,3783499,318974,8193,42896,2839,37387,58212,6013,52199,21,2009
Louisiana,4411546,2821956,1405639,24909,63304,1031,42499,52208,6417,45791,22,2009
Maine,1316380,1254176,15458,6636,12384,287,4542,22897,1327,21570,23,2009
Maryland,5637418,3433516,1625880,15394,277732,3010,167766,114120,15058,99062,24,2009
Massachusetts,6511176,5390474,399224,12811,312147,2346,271040,123134,24322,98812,25,2009
Michigan,10039208,7999359,1405515,52270,235442,2930,155524,188168,25047,163121,26,2009
Minnesota,5188581,4551190,224453,54446,186491,2297,76522,93182,8921,84261,27,2009
Mississippi,2922240,1752786,1081589,12829,24655,816,21941,27624,2688,24936,28,2009
Missouri,5904382,4955606,658633,23624,85215,4505,60948,115851,9330,106521,29,2009
Montana,956257,856153,5283,59001,6333,825,6615,22047,1747,20300,30,2009
Nebraska,1772124,1571458,72806,14966,28375,1931,49409,33179,4985,28194,31,2009
Nevada,2545763,1909349,190093,30501,157280,12409,162453,83678,15524,68154,32,2009
New Hampshire,1315419,1246855,14227,3210,24981,291,9781,16074,1731,14343,33,2009
New Jersey,8650548,6073393,1175670,19312,642436,2713,584356,152668,41479,111189,34,2009
New Mexico,1964860,1381186,43332,183098,26774,971,266414,63085,25245,37840,35,2009
New York,19423896,13031404,3024739,64950,1319787,5378,1619137,358501,103036,255465,36,2009
North Carolina,9045705,6375420,1909832,101986,173320,4716,328726,151705,20691,131014,37,2009
North Dakota,639725,580184,6029,34192,5312,383,4072,9553,511,9042,38,2009
Ohio,11511858,9669759,1349893,21960,173463,2870,100807,193106,20339,172767,39,2009
Oklahoma,3610073,2720673,264756,239130,57788,3565,95925,228236,12364,215872,40,2009
Oregon,3727407,3214583,64995,59700,129932,9685,124694,123818,15314,108504,41,2009
Pennsylvania,12516596,10482799,1300350,16740,296150,3026,249145,168386,25894,142492,42,2009
Rhode Island,1057381,875224,57658,4520,29067,257,69487,21168,5521,15647,44,2009
South Carolina,4416867,2977453,1245855,13825,53258,2130,65895,58451,5985,52466,45,2009
South Dakota,796513,693239,7547,66667,6931,204,6974,14951,1688,13263,46,2009
Tennessee,6158953,4875744,1016050,15614,82317,3116,79903,86209,10288,75921,47,2009
Texas,23819042,17111322,2738904,121241,810844,19237,2559403,458091,154662,303429,48,2009
Utah,2651816,2376805,27229,32008,52964,20531,89798,52481,9864,42617,49,2009
Vermont,620414,595731,4820,1713,6757,82,2051,9260,492,8768,50,2009
Virginia,7721730,5458832,1510139,22932,371788,5804,192534,159701,24100,135601,51,2009
Washington,6465755,5201398,220417,91437,424531,28884,254838,244250,27988,216262,53,2009
West Virginia,1811403,1707128,59677,3008,11459,660,4112,25359,1329,24030,54,2009
Wisconsin,5599420,4911907,332660,48025,115480,1339,108411,81598,12446,69152,55,2009
Wyoming,523949,479259,4818,11770,3830,180,11070,13022,2421,10601,56,2009
Puerto Rico,3940109,2964136,285752,8056,12085,178,415698,254204,21427,232777,72,2009
Alabama,4712651,3293917,1232325,25814,51219,1769,46237,61370,4643,56727,01,2010
Alaska,691189,464150,22655,98120,36021,6317,9833,54093,2673,51420,02,2010
Arizona,6246816,4883606,240655,278336,166663,12038,498977,166541,47200,119341,04,2010
Arkansas,2872684,2253875,445197,19192,33327,4133,65382,51578,4902,46676,05,2010
California,36637290,22392713,2246311,283628,4747252,140429,5448609,1378348,389022,989326,06,2010
Colorado,4887061,4082565,190598,47022,133134,5757,277524,150461,32176,118285,08,2010
Connecticut,3545837,2795926,342764,7959,129904,1332,189160,78792,18351,60441,09,2010
Delaware,881278,626426,185253,3076,27914,457,19915,18237,2020,16217,10,2010
District of Columbia,584400,222375,309048,1625,20323,362,20021,10646,1484,9162,11,2010
Florida,18511620,14115228,2900412,54570,444584,10797,624129,361900,87439,274461,12,2010
Georgia,9468815,5788255,2873069,23234,296986,4850,338510,143911,24144,119767,13,2010
Hawaii,1333591,333842,21170,3506,525848,127661,15964,305600,10008,295592,15,2010
Idaho,1526797,1407354,8674,18951,17939,2284,34225,37370,5226,32144,16,2010
Illinois,12745359,9136680,1860305,24729,571537,3290,927604,221214,54732,166482,17,2010
Indiana,6417398,5461258,572352,14487,96189,1510,148957,122645,18276,104369,18,2010
Iowa,3016267,2773410,82682,9825,50363,961,48535,50491,6721,43770,19,2010
Kansas,2809329,2391786,161768,24422,66119,1625,81140,82469,12195,70274,20,2010
Kentucky,4285828,3792514,330764,8794,45604,2674,40178,65300,6521,58779,21,2010
Louisiana,4429940,2819074,1405685,27352,67210,1416,50343,58860,7245,51615,22,2010
Maine,1327665,1268805,13903,7002,13432,438,4132,19953,1349,18604,23,2010
Maryland,5696423,3396216,1665235,16213,304574,2977,178952,132256,16984,115272,24,2010
Massachusetts,6477096,5289078,422303,12584,335906,2281,270865,144079,27509,116570,25,2010
Michigan,9952687,7895340,1401616,54502,242886,2722,144833,210788,26217,184571,26,2010
Minnesota,5241914,4539826,257165,55370,204202,2135,75607,107609,9485,98124,27,2010
Mississippi,2941991,1761910,1088270,13610,24691,636,23428,29446,2828,26618,28,2010
Missouri,5922314,4938222,679062,22829,92147,5201,61101,123752,9505,114247,29,2010
Montana,973739,874571,4325,60135,6091,609,6050,21958,1551,20407,30,2010
Nebraska,1799125,1587857,77986,15651,29624,1209,49026,37772,5308,32464,31,2010
Nevada,2633331,1938033,207567,28403,183979,15526,167382,92441,16697,75744,32,2010
New Hampshire,1313939,1241539,14186,2835,27754,287,9997,17341,1985,15356,33,2010
New Jersey,8721577,6074010,1176241,19683,697788,2303,576943,174609,46859,127750,34,2010
New Mexico,2013122,1433955,39935,188217,27463,1088,261155,61309,24322,36987,35,2010
New York,19229752,12764402,2990591,66876,1392380,5334,1607796,402373,115912,286461,36,2010
North Carolina,9271178,6453727,1980942,106026,194993,5170,356243,174077,25280,148797,37,2010
North Dakota,659858,597392,7034,34798,6132,439,3712,10351,593,9758,38,2010
Ohio,11512431,9598726,1391240,22785,186464,2162,98214,212840,22112,190728,39,2010
Oklahoma,3675339,2720135,267179,259809,61581,3967,98772,263896,13506,250390,40,2010
Oregon,3761925,3220250,66427,60612,135518,12100,135825,131193,16139,115054,41,2010
Pennsylvania,12612705,10460096,1347052,18205,332435,3012,255069,196836,30351,166485,42,2010
Rhode Island,1056389,866678,62082,4521,30991,357,68281,23479,6055,17424,44,2010
South Carolina,4511428,3034000,1269484,14095,54288,2053,70689,66819,6321,60498,45,2010
South Dakota,799462,692330,8874,68215,7126,241,7125,15551,1770,13781,46,2010
Tennessee,6234968,4910745,1037376,15237,87257,2987,86056,95310,10544,84766,47,2010
Texas,24311891,17503446,2864666,119680,904831,19005,2411546,488717,157270,331447,48,2010
Utah,2657236,2375876,27030,30831,53046,23944,90925,55584,10398,45186,49,2010
Vermont,624258,596947,5494,1832,7396,87,2363,10139,548,9591,50,2010
Virginia,7841754,5479975,1532150,24941,416549,5711,201692,180736,26075,154661,51,2010
Washington,6561297,5199167,229885,95212,457771,35706,271417,272139,30637,241502,53,2010
West Virginia,1840802,1734615,58968,3139,11482,529,4137,27932,1380,26552,54,2010
Wisconsin,5637947,4914551,348662,49189,122442,1553,107480,94070,14270,79800,55,2010
Wyoming,545579,498326,4135,12786,4138,242,11752,14200,2994,11206,56,2010
Puerto Rico,3762322,2761508,274843,7415,12414,101,395995,310046,19692,290354,72,2010
Alabama,4747424,3307557,1244112,26399,52668,1256,49759,65673,5139,60534,01,2011
Alaska,700703,472504,23426,97628,35912,6848,8981,55404,2802,52602,02,2011
Arizona,6337373,4987541,252127,280986,172290,11933,460186,172310,45962,126348,04,2011
Arkansas,2895928,2271277,449283,17239,34815,5031,64000,54283,5084,49199,05,2011
California,36969200,22860341,2252129,287712,4825271,141382,5142478,1459887,384789,1075098,06,2011
Colorado,4966061,4167044,195640,48201,134228,5798,255364,159786,32837,126949,08,2011
Delaware,890856,630804,188519,3109,28726,442,19821,19435,2145,17290,10,2011
District of Columbia,593955,231122,308516,1779,20773,311,20095,11359,1432,9927,11,2011
Connecticut,3558172,2796198,347941,8104,134108,1327,188390,82104,18210,63894,09,2011
Florida,18688787,14270053,2946899,58192,455403,11005,564351,382884,84287,298597,12,2011
Georgia,9600612,5849795,2922448,23979,308677,4653,330408,160652,24716,135936,13,2011
Idaho,1549987,1431372,8823,19584,18714,2425,31121,37948,5327,32621,16,2011
Hawaii,1346554,335908,21628,3198,524274,129157,16293,316096,9993,306103,15,2011
Illinois,12790182,9214977,1859608,25216,583302,3185,869769,234125,52921,181204,17,2011
Indiana,6454254,5482893,576304,14772,99194,1233,148087,131771,19758,112013,18,2011
Iowa,3032266,2782349,85714,9958,52881,1112,47376,52876,6598,46278,19,2011
Kansas,2830985,2412703,163063,23860,67532,1734,76328,85765,11057,74708,20,2011
Kentucky,4316040,3808381,336628,8913,47754,2403,42767,69194,6762,62432,21,2011
Louisiana,4484596,2838981,1429820,28154,69355,1719,51051,65516,8224,57292,22,2011
Maine,1328543,1268113,13979,7124,13745,310,3621,21651,1306,20345,23,2011
Maryland,5736545,3397326,1683842,16603,312883,2708,183883,139300,17280,122020,24,2011
Massachusetts,6512227,5294754,431907,12238,345422,1711,270932,155263,29055,126208,25,2011
Michigan,9920621,7869573,1395245,54638,244623,2690,130312,223540,27270,196270,26,2011
Minnesota,5278190,4556910,264751,57271,208315,2129,72079,116735,9735,107000,27,2011
Mississippi,2956700,1767875,1094596,13775,25807,579,22642,31426,3149,28277,28,2011
Missouri,5955802,4957147,686044,22509,93632,5725,60629,130116,9999,120117,29,2011
Montana,982854,881905,4403,61399,5999,664,5548,22936,1390,21546,30,2011
Nebraska,1813061,1600661,79828,15858,30637,1263,44877,39937,6141,33796,31,2011
Nevada,2673396,1960913,214360,29344,190079,16391,166215,96094,15674,80420,32,2011
New Hampshire,1315911,1241530,14520,2688,27702,296,9783,19392,1949,17443,33,2011
New Jersey,8753064,6095247,1180649,20490,714890,2112,547546,192130,49731,142399,34,2011
New Mexico,2037136,1467191,41082,188613,27214,1157,250192,61687,22465,39222,35,2011
New York,19302448,12768805,3013740,67766,1415147,6706,1588617,441667,129182,312485,36,2011
North Carolina,9418736,6560948,2016228,108960,202815,4725,336670,188390,26665,161725,37,2011
North Dakota,666783,602373,7231,35544,6693,348,3629,10965,646,10319,38,2011
Ohio,11525536,9592249,1395378,21194,190485,2162,94826,229242,20146,209096,39,2011
Oklahoma,3714520,2743563,270192,258295,63471,4257,96773,277969,13547,264422,40,2011
Oregon,3801991,3245856,68155,57114,139258,13447,143151,135010,16348,118662,41,2011
Pennsylvania,12660739,10473096,1358759,18065,341880,2785,250639,215515,32801,182714,42,2011
Rhode Island,1053959,863294,62682,4606,31476,459,66414,25028,6476,18552,44,2011
South Carolina,4575864,3075318,1281627,14939,56575,1920,73405,72080,6998,65082,45,2011
South Dakota,807697,697042,9347,69154,7672,197,6834,17451,1672,15779,46,2011
Tennessee,6297991,4949985,1048714,15285,90471,3097,89351,101088,10918,90170,47,2011
Texas,24774187,18093212,2917108,125101,939558,19966,2155160,524082,158367,365715,48,2011
Vermont,624958,596736,5464,1802,7544,155,2116,11141,568,10573,50,2011
Utah,2715379,2426175,29056,30842,54866,25137,88966,60337,10924,49413,49,2011
Virginia,7926192,5526985,1545568,25665,430227,5295,194281,198171,27049,171122,51,2011
Washington,6652845,5256224,233549,94243,470798,37084,268032,292915,32338,260577,53,2011
West Virginia,1846372,1736461,58296,3052,11809,456,4215,32083,1422,30661,54,2011
Wisconsin,5664893,4941085,352620,48741,125630,1503,93948,101366,14578,86788,55,2011
Wyoming,554697,506661,4309,12752,3985,204,11907,14879,3011,11868,56,2011
Puerto Rico,3742586,2695914,274200,7554,11701,77,376859,376281,19721,356560,72,2011
Alabama,4777326,3321318,1256097,26166,54923,1298,50685,66839,5138,61701,01,2012
Alaska,711139,477985,24219,98976,37968,7363,7836,56792,2941,53851,02,2012
Arizona,6410979,5085954,262284,283805,177598,12506,408851,179981,43515,136466,04,2012
Arkansas,2916372,2285577,453062,17390,35744,5516,62979,56104,5197,50907,05,2012
California,37325068,23252553,2254160,291505,4921543,144236,4914220,1546851,385152,1161699,06,2012
Colorado,5042853,4243753,201424,49099,136882,6034,238833,166828,34265,132563,08,2012
Delaware,900131,634259,192629,2877,29177,377,19896,20916,2391,18525,10,2012
District of Columbia,605759,239413,309263,2143,21440,312,20652,12536,1635,10901,11,2012
Connecticut,3572213,2802217,355660,8531,138355,1472,178260,87718,19654,68064,09,2012
Florida,18885152,14438364,3005551,58119,464587,11575,497053,409903,86683,323220,12,2012
Georgia,9714569,5903173,2970481,24937,318530,4498,314447,178503,27078,151425,13,2012
Idaho,1567803,1445289,8821,19376,19097,2213,33827,39180,5028,34152,16,2012
Hawaii,1362730,339079,22399,3079,527745,133873,16244,320311,10428,309883,15,2012
Illinois,12823860,9298731,1860471,26669,595110,2907,789345,250627,53743,196884,17,2012
Indiana,6485530,5500814,582691,15241,102713,1533,145911,136627,19559,117068,18,2012
Iowa,3047646,2793432,88664,9708,54262,1308,44227,56045,6473,49572,19,2012
Kansas,2851183,2435253,164177,23435,68683,1603,69337,88695,10465,78230,20,2012
Kentucky,4340167,3823344,339228,8607,49681,2370,42557,74380,6626,67754,21,2012
Louisiana,4529605,2856883,1450992,28702,71460,1826,49758,69984,8346,61638,22,2012
Maine,1329084,1266435,14338,7168,13971,288,3356,23528,1257,22271,23,2012
Maryland,5785496,3408049,1700174,17323,323363,2419,181612,152556,19440,133116,24,2012
Massachusetts,6560595,5310948,446347,12908,357354,1576,263643,167819,32259,135560,25,2012
Michigan,9897264,7852317,1391269,55723,245587,2678,115310,234380,27116,207264,26,2012
Minnesota,5313081,4570137,271953,56770,216159,2087,71621,124354,10298,114056,27,2012
Mississippi,2967620,1768530,1101849,13344,26403,345,23653,33496,3183,30313,28,2012
Missouri,5982413,4972530,689683,22704,96035,5812,61349,134300,10707,123593,29,2012
Montana,990785,887924,4145,62398,6034,674,5731,23879,1203,22676,30,2012
Nebraska,1827306,1612538,82341,16461,32302,1075,43294,39295,5506,33789,31,2012
Nevada,2704204,1970074,218305,30061,196245,16472,169302,103745,17073,86672,32,2012
New Hampshire,1317474,1241440,15339,2470,28684,203,8691,20647,1950,18697,33,2012
New Jersey,8793888,6121023,1187307,21702,736015,2592,517029,208220,52277,155943,34,2012
New Mexico,2055287,1492641,41634,189785,26855,1344,240189,62839,22825,40014,35,2012
New York,19398125,12808268,3037255,69500,1445539,6477,1557020,474066,138368,335698,36,2012
North Carolina,9544249,6659867,2047092,110171,211708,4424,306516,204471,27933,176538,37,2012
North Dakota,676253,608799,8286,36160,6869,375,3937,11827,685,11142,38,2012
Ohio,11533561,9577732,1403238,21447,196395,2164,90296,242289,20636,221653,39,2012
Oklahoma,3749005,2766297,270993,261060,65643,4271,93100,287641,13030,274611,40,2012
Oregon,3836628,3272707,69377,52637,143652,14132,144084,140039,16871,123168,41,2012
Pennsylvania,12699589,10475818,1372144,19247,351626,3821,244336,232597,34143,198454,42,2012
Rhode Island,1052471,859686,64711,4784,31863,350,64291,26786,6487,20299,44,2012
South Carolina,4630351,3108466,1290704,15122,57635,1791,75211,81422,8035,73387,45,2012
South Dakota,815871,701466,10331,71532,8060,157,7016,17309,1638,15671,46,2012
Tennessee,6353226,4982977,1060494,15991,92800,2765,88272,109927,11376,98551,47,2012
Texas,25208897,18670767,2972834,127794,979385,20671,1883103,554343,154584,399759,48,2012
Vermont,625498,596251,5804,1855,7891,130,1936,11631,529,11102,50,2012
Utah,2766233,2465277,29912,30823,56081,25766,95042,63332,11071,52261,49,2012
Virginia,8014955,5575445,1561042,25205,443460,5438,184403,219962,29250,190712,51,2012
Washington,6738714,5304864,238255,93416,484047,39246,267570,311316,34087,277229,53,2012
West Virginia,1850481,1737369,58260,2934,12694,531,3993,34700,1342,33358,54,2012
Wisconsin,5687219,4961852,353470,49289,129550,1302,82446,109310,14432,94878,55,2012
Wyoming,562803,513021,4689,12951,4392,206,12099,15445,2758,12687,56,2012
Puerto Rico,3716727,2631788,282162,8608,12495,44,354223,427407,18826,408581,72,2012
Alabama,4799277,3326188,1262152,25278,56831,1387,55296,72145,6003,66142,01,2013
Alaska,720316,481638,25033,101273,39200,8013,8402,56757,2865,53892,02,2013
Arizona,6479703,5131739,270027,286953,182953,12607,404159,191265,44039,147226,04,2013
Arkansas,2933369,2295446,454903,17945,37776,5697,63295,58307,5041,53266,05,2013
California,37659181,23467167,2255372,286397,5005635,146290,4870961,1627359,394809,1232550,06,2013
Colorado,5119329,4301096,203755,49177,141719,6549,241998,175035,34991,140044,08,2013
Delaware,908446,635474,194964,3010,30422,567,20943,23066,2718,20348,10,2013
District of Columbia,619371,248141,310530,1990,21845,233,22165,14467,1974,12493,11,2013
Connecticut,3583561,2792554,361668,8770,141709,1304,183445,94111,22076,72035,09,2013
Florida,19091156,14568521,3056152,58390,475905,11258,490475,430455,86988,343467,12,2013
Georgia,9810417,5948977,3010984,24496,330392,4554,297844,193170,29524,163646,13,2013
Idaho,1583364,1455692,8957,19984,20141,2216,36915,39459,5623,33836,16,2013
Hawaii,1376298,344488,24532,3050,526743,134733,15418,327334,11066,316268,15,2013
Illinois,12848554,9320910,1851524,27548,609923,2979,769968,265702,54164,211538,17,2013
Indiana,6514861,5510618,592954,14975,107563,1852,150197,136702,18876,117826,18,2013
Iowa,3062553,2802839,91754,9440,55878,1389,43024,58229,6999,51230,19,2013
Kansas,2868107,2449273,164299,23958,70408,1887,65807,92475,10610,81865,20,2013
Kentucky,4361333,3835013,341576,8811,51411,2019,41980,80523,7556,72967,21,2013
Louisiana,4567968,2874235,1463345,28466,73460,2141,51142,75179,8458,66721,22,2013
Maine,1328320,1264047,14637,7364,14391,246,3562,24073,1024,23049,23,2013
Maryland,5834299,3406243,1717582,17535,332620,2570,195644,162105,19576,142529,24,2013
Massachusetts,6605058,5318548,454887,12956,368178,1876,267875,180738,33080,147658,25,2013
Michigan,9886095,7841011,1385154,54881,251175,2230,107676,243968,26350,217618,26,2013
Minnesota,5347740,4575991,279944,57479,222761,2259,77273,132033,10767,121266,27,2013
Mississippi,2976872,1769766,1106982,13030,27646,274,24666,34508,3072,31436,28,2013
Missouri,6007182,4984653,691128,22781,98962,6263,64155,139240,11385,127855,29,2013
Montana,998554,893032,4038,64426,6246,676,5841,24295,1455,22840,30,2013
Nebraska,1841625,1624312,84228,16408,34144,1254,41346,39933,5352,34581,31,2013
Nevada,2730066,1948808,224424,29446,202157,16841,200115,108275,16883,91392,32,2013
New Hampshire,1319171,1240404,16011,2588,29337,214,8788,21829,1708,20121,33,2013
New Jersey,8832406,6108784,1197753,20482,756668,2610,528846,217263,53432,163831,34,2013
New Mexico,2069706,1511087,42196,189953,28034,1477,233341,63618,22492,41126,35,2013
New York,19487053,12779326,3042152,72740,1479326,7365,1595715,510429,146830,363599,36,2013
North Carolina,9651380,6727690,2068726,111733,221392,5390,297514,218935,29448,189487,37,2013
North Dakota,689781,618098,9273,36659,7362,332,4531,13526,1010,12516,38,2013
Ohio,11549590,9569431,1402897,20709,201394,2402,93753,259004,20746,238258,39,2013
Oklahoma,3785742,2783609,273421,266509,68161,4283,95783,293976,13903,280073,40,2013
Oregon,3868721,3297149,70328,47411,147986,14993,145000,145854,16910,128944,41,2013
Pennsylvania,12731381,10467433,1385799,20258,363967,3510,246840,243574,35510,208064,42,2013
Rhode Island,1051695,855594,66569,4616,32384,383,64602,27547,6178,21369,44,2013
South Carolina,4679602,3144146,1298534,14732,61097,2128,74130,84835,9589,75246,45,2013
South Dakota,825198,706667,11531,71766,8597,226,7214,19197,1439,17758,46,2013
Tennessee,6402387,5007014,1073534,16604,95801,3110,93081,113243,11536,101707,47,2013
Texas,25639373,19075100,3030970,129219,1019260,20974,1773524,590326,154971,435355,48,2013
Vermont,625904,595862,6139,1841,7922,145,1744,12251,594,11657,50,2013
Utah,2813673,2487467,31101,31696,58150,26145,112795,66319,12508,53811,49,2013
Virginia,8100653,5627076,1568021,24816,457792,5633,179449,237866,27985,209881,51,2013
Washington,6819579,5350938,245041,94194,498941,40695,265299,324471,33425,291046,53,2013
West Virginia,1853619,1737996,58489,2955,12806,666,4739,35968,1243,34725,54,2013
Wisconsin,5706871,4966900,355873,49343,132609,1305,85288,115553,14278,101275,55,2013
Wyoming,570134,518388,5167,13268,4782,197,12491,15841,2714,13127,56,2013
Puerto Rico,3682966,2575834,284860,10471,12120,61,365364,434256,19219,415037,72,2013
Alabama,4817678,3327891,1269808,25181,58322,1430,58618,76428,6374,70054,01,2014
Alaska,728300,484195,25148,102743,40976,8335,8382,58521,2973,55548,02,2014
Arizona,6561516,5174082,274380,290780,191071,12638,418033,200532,45152,155380,04,2014
Arkansas,2947036,2306073,458136,18337,38409,6278,60565,59238,5227,54011,05,2014
California,38066920,23650913,2262323,287360,5130536,147286,4890329,1698173,398497,1299676,06,2014
Colorado,5197580,4364911,209062,49917,146561,6641,240282,180206,35758,144448,08,2014
Delaware,917060,639354,198028,3134,31745,494,20369,23936,2591,21345,10,2014
District of Columbia,633736,254955,314138,2072,22785,195,23999,15592,2015,13577,11,2014
Connecticut,3592053,2789105,365871,8036,145842,1105,183297,98797,23150,75647,09,2014
Florida,19361792,14747196,3114841,59121,490833,12128,484274,453399,86393,367006,12,2014
Georgia,9907756,5989234,3056726,25137,344195,4317,287276,200871,30163,170708,13,2014
Idaho,1599464,1468732,9334,20363,21749,2177,37553,39556,5438,34118,16,2014
Hawaii,1392704,350634,26913,2725,529907,138735,15357,328433,11101,317332,15,2014
Illinois,12868747,9331376,1849054,28535,627402,3240,751248,277892,56071,221821,17,2014
Indiana,6542411,5519313,598423,15286,114674,2076,151502,141137,18714,122423,18,2014
Iowa,3078116,2813097,95716,9688,59726,1715,39953,58221,6041,52180,19,2014
Kansas,2882946,2457815,167220,23727,72568,1655,64931,95030,10617,84413,20,2014
Kentucky,4383272,3845535,345035,9000,53448,2109,41518,86627,7448,79179,21,2014
Louisiana,4601049,2890570,1477781,28807,75409,1671,49002,77809,8945,68864,22,2014
Maine,1328535,1262817,14865,7552,14610,198,3251,25242,998,24244,23,2014
Maryland,5887776,3418336,1737155,16429,344956,2425,198969,169506,20198,149308,24,2014
Massachusetts,6657291,5326774,465792,13642,384642,1645,274529,190267,33591,156676,25,2014
Michigan,9889024,7829621,1383205,54960,258567,1995,107141,253535,26173,227362,26,2014
Minnesota,5383661,4585781,290545,56490,230798,2166,78863,139018,10914,128104,27,2014
Mississippi,2984345,1769693,1113652,13056,28067,365,25086,34426,3358,31068,28,2014
Missouri,6028076,4991914,695813,24269,101772,5983,64057,144268,12998,131270,29,2014
Montana,1006370,899503,4563,65110,6651,699,4945,24899,1387,23512,30,2014
Nebraska,1855617,1637794,86423,16163,35696,1150,37075,41316,4905,36411,31,2014
Nevada,2761584,1935379,229638,30155,207610,17207,225537,116058,17922,98136,32,2014
New Hampshire,1321069,1239543,16293,2510,30560,280,7805,24078,2555,21523,33,2014
New Jersey,8874374,6094052,1201339,18921,779841,2671,557107,220443,55046,165397,34,2014
New Mexico,2080085,1521876,42515,190350,28578,1271,230398,65097,23418,41679,35,2014
New York,19594330,12733518,3060048,74572,1522549,6258,1649123,548262,155051,393211,36,2014
North Carolina,9750405,6784901,2093389,113798,231830,6083,293865,226539,30103,196436,37,2014
North Dakota,704925,628770,10781,36989,8124,312,5113,14836,1091,13745,38,2014
Ohio,11560380,9549343,1407493,21077,208725,2893,96823,274026,23296,250730,39,2014
Oklahoma,3818851,2799122,277007,274099,71396,4390,96727,296110,14400,281710,40,2014
Oregon,3900343,3317668,70700,47155,152259,14513,144234,153814,17284,136530,41,2014
Pennsylvania,12758729,10449680,1395718,22951,377735,3740,249147,259758,36367,223391,42,2014
Rhode Island,1053252,856605,66827,4951,32994,536,61994,29345,6712,22633,44,2014
South Carolina,4727273,3176381,1305347,15137,63199,2326,73984,90899,9117,81782,45,2014
South Dakota,834708,712496,12642,72016,9433,229,7199,20693,1331,19362,46,2014
Tennessee,6451365,5029109,1082001,17656,98441,3256,98240,122662,11913,110749,47,2014
Texas,26092033,19499105,3094227,127236,1067008,21867,1662288,620302,150808,469494,48,2014
Vermont,626358,595385,6435,2008,8200,214,1924,12192,569,11623,50,2014
Utah,2858111,2515352,31163,31999,60631,26491,122012,70463,13198,57265,49,2014
Virginia,8185131,5668363,1577943,23421,475632,5485,179166,255121,29175,225946,51,2014
Washington,6899123,5392302,250484,95117,518072,42608,261577,338963,33540,305423,53,2014
West Virginia,1853881,1735816,59129,3075,13144,645,5151,36921,1561,35360,54,2014
Wisconsin,5724692,4965198,357758,49563,137404,1303,92690,120776,15013,105763,55,2014
Wyoming,575251,522535,5958,13144,5377,332,12387,15518,2242,13276,56,2014
Puerto Rico,3638965,2533581,290999,11102,11484,129,395458,396212,19734,376478,72,2014
Mississippi,2988081,1768174,1116457,12896,28900,409,25911,35334,3464,31870,28,2015
Missouri,6045448,4995527,697022,24951,106537,6161,67605,147645,13099,134546,29,2015
Montana,1014699,904977,4757,65693,7187,848,5460,25777,1344,24433,30,2015
Nebraska,1869365,1647551,88195,16319,38066,1280,36359,41595,4802,36793,31,2015
Nevada,2798636,1929661,235721,31393,214846,17942,246138,122935,19626,103309,32,2015
New Hampshire,1324201,1241313,17439,2238,31364,228,7273,24346,2243,22103,33,2015
New Jersey,8904413,6083940,1202300,18335,804989,2808,568215,223826,52672,171154,34,2015
New Mexico,2084117,1524911,43738,190528,28761,1276,226850,68053,23997,44056,35,2015
New York,19673174,12704637,3070392,74793,1570223,6485,1685765,560879,153078,407801,36,2015
North Carolina,9845333,6839831,2115338,116143,244076,6244,292310,231391,28209,203182,37,2015
North Dakota,721640,640208,11872,38286,8979,304,5859,16132,952,15180,38,2015
Ohio,11575977,9538328,1412045,21646,216170,3060,97516,287212,23289,263923,39,2015
Oklahoma,3849733,2813794,278571,279276,74570,4701,98885,299936,15087,284849,40,2015
Oregon,3939233,3352941,72837,46258,156695,15042,132667,162793,17054,145739,41,2015
Pennsylvania,12779559,10430142,1403143,23641,392595,4279,253070,272689,35774,236915,42,2015
Rhode Island,1053661,854859,68243,5106,34213,373,61085,29782,6665,23117,44,2015
South Carolina,4777576,3210708,1315058,14966,66982,2588,73324,93950,10215,83735,45,2015
South Dakota,843190,716691,13133,72619,10152,332,7940,22323,1306,21017,46,2015
Tennessee,6499615,5059894,1091070,17802,102027,3323,96739,128760,12111,116649,47,2015
Texas,26538614,19874610,3152917,126493,1124011,21655,1585866,653062,149597,503465,48,2015
Vermont,626604,594443,6949,2018,8774,249,2002,12169,528,11641,50,2015
Utah,2903379,2544735,31909,31824,64102,26147,129907,74755,12962,61793,49,2015
Virginia,8256630,5695147,1589345,22570,492973,5304,183124,268167,29832,238335,51,2015
Washington,6985464,5434177,253224,93266,535501,44159,264432,360705,34969,325736,53,2015
West Virginia,1851420,1732235,61367,2953,13485,625,4566,36189,1512,34677,54,2015
Wisconsin,5742117,4967124,360792,50449,143732,1233,96057,122730,14839,107891,55,2015
Wyoming,579679,527763,6142,12658,5319,423,11885,15489,1920,13569,56,2015
Puerto Rico,3583073,2495997,301519,11775,10159,129,431443,332051,19269,312782,72,2015
Alabama,4830620,3325464,1276544,23850,59599,2439,61078,81646,7032,74614,01,2015
Alaska,733375,484250,25022,101313,42921,8841,9273,61755,3202,58553,02,2015
Arizona,6641928,5210335,281576,294721,200090,12471,430890,211845,47488,164357,04,2015
Arkansas,2958208,2307849,459748,18409,40336,6845,62484,62537,5557,56980,05,2015
California,38421464,23747013,2265387,287028,5261978,150370,4974791,1734897,396499,1338398,06,2015
Colorado,5278906,4446095,213787,50008,153467,7695,224374,183480,35786,147694,08,2015
Delaware,926454,642623,200481,3140,33643,306,20995,25266,2699,22567,10,2015
District of Columbia,647484,260325,316447,2154,23822,250,27159,17327,2442,14885,11,2015
Connecticut,3593222,2778362,370501,8908,150670,981,181881,101919,24131,77788,09,2015
Florida,19645772,14934702,3171108,54569,509085,11024,493202,472082,87803,384279,12,2015
Georgia,10006693,6025691,3096757,25887,360448,4704,279403,213803,31108,182695,13,2015
Idaho,1616547,1482914,9900,20504,21711,1921,38371,41226,4935,36291,16,2015
Hawaii,1406299,357164,28688,3012,530551,138901,14864,333119,10332,322787,15,2015
Illinois,12873761,9312771,1846108,28363,645642,3407,747933,289537,58178,231359,17,2015
Indiana,6568645,5529201,603014,14793,121729,2285,152022,145601,19143,126458,18,2015
Iowa,3093526,2820046,97788,9977,62997,1882,39872,60964,6004,54960,19,2015
Kansas,2892987,2464566,168402,24022,75653,1796,63183,95365,10092,85273,20,2015
Kentucky,4397353,3851591,347034,9063,55483,2197,41149,90836,7466,83370,21,2015
Louisiana,4625253,2902538,1484363,27238,77818,1824,47595,83877,9281,74596,22,2015
Maine,1329100,1262026,15037,7811,14590,187,3151,26298,884,25414,23,2015
Maryland,5930538,3416107,1750916,15579,357616,2754,211914,175652,20414,155238,24,2015
Massachusetts,6705586,5334859,478947,13189,400675,1644,281595,194677,33178,161499,25,2015
Michigan,9900571,7823875,1381388,53951,268766,2083,109184,261324,24951,236373,26,2015
Minnesota,5419171,4594367,299176,56561,240786,1970,82085,144226,11014,133212,27,2015
Mississippi,2989192,1764038,1121327,13072,28562,492,26334,35367,2754,32613,28,2016
Missouri,6059651,5000875,701896,25641,107953,6479,68766,148041,12082,135959,29,2016
Montana,1023391,911907,4260,67222,7481,841,5158,26522,1435,25087,30,2016
Nebraska,1881259,1655708,88388,15739,39794,1305,36672,43653,4471,39182,31,2016
Nevada,2839172,1933057,243552,31927,222612,18334,260654,129036,20889,108147,32,2016
New Hampshire,1327503,1243594,17483,2085,32094,229,7112,24906,2375,22531,33,2016
New Jersey,8915456,6075710,1207221,18470,819208,2811,566323,225713,53011,172702,34,2016
New Mexico,2082669,1530636,41957,193295,29168,1340,218476,67797,24343,43454,35,2016
New York,19697457,12667413,3073278,75751,1599216,7528,1697831,576440,150198,426242,36,2016
North Carolina,9940828,6882915,2137131,117479,254550,6588,298795,243370,27777,215593,37,2016
North Dakota,736162,649730,14761,38369,9296,336,5691,17979,1459,16520,38,2016
Ohio,11586941,9519506,1421943,21459,224520,3248,98088,298177,24850,273327,39,2016
Oklahoma,3875589,2823497,281295,286231,77541,4969,102292,299764,14819,284945,40,2016
Oregon,3982267,3387825,74012,45233,160155,14936,124565,175541,17190,158351,41,2016
Pennsylvania,12783977,10402743,1410563,24947,401979,4463,253514,285768,36846,248922,42,2016
Rhode Island,1054491,854026,68886,5130,34598,575,61218,30058,6613,23445,44,2016
South Carolina,4834605,3252252,1322368,15417,68553,2784,73149,100082,10470,89612,45,2016
South Dakota,851058,721410,14078,74187,11351,313,7480,22239,1463,20776,46,2016
Tennessee,6548009,5096733,1100577,18757,105368,3299,90065,133210,12118,121092,47,2016
Texas,26956435,20174403,3221133,128145,1175423,22248,1561683,673400,147528,525872,48,2016
Vermont,626249,592965,7404,1984,9212,206,2309,12169,466,11703,50,2016
Utah,2948427,2572595,32512,31686,66039,26411,141374,77810,12791,65019,49,2016
Virginia,8310301,5712958,1596352,21948,502878,5494,190972,279699,30698,249001,51,2016
Washington,7073146,5470566,256990,94026,552032,44870,276959,377703,35229,342474,53,2016
West Virginia,1846092,1725411,63305,3281,13990,648,5731,33726,1508,32218,54,2016
Wisconsin,5754798,4961193,361730,51459,148077,1378,105038,125923,15125,110798,55,2016
Wyoming,583029,531851,6435,13033,5385,391,10403,15531,2015,13516,56,2016
Puerto Rico,3529385,2448085,320087,11814,9574,182,474879,264764,18682,246082,72,2016
Alabama,4841164,3325037,1282053,23919,60744,2008,61991,85412,6877,78535,01,2016
Alaska,736855,483518,24443,103574,44218,8862,9900,62340,3056,59284,02,2016
Arizona,6728577,5235158,287110,296732,205229,12863,468906,222579,47299,175280,04,2016
Arkansas,2968472,2307136,460638,18697,41539,6738,67645,66079,6519,59560,05,2016
California,38654206,23680584,2261835,285512,5354608,150908,5133600,1787159,399908,1387251,06,2016
Colorado,5359295,4517058,219349,50160,157523,7441,224029,183735,35080,148655,08,2016
Delaware,934695,647002,203027,3494,34428,461,20452,25831,2615,23216,10,2016
District of Columbia,659009,266035,318598,2174,24036,271,29650,18245,2561,15684,11,2016
Connecticut,3588570,2768080,372696,9399,152782,1031,177594,106988,24621,82367,09,2016
Florida,19934451,15130748,3216994,52904,521272,11288,505877,495368,88533,406835,12,2016
Georgia,10099320,6039389,3148134,28950,373983,4916,281491,222457,32837,189620,13,2016
Idaho,1635483,1493155,10433,21454,21630,2003,44758,42050,5205,36845,16,2016
Hawaii,1413673,353643,25871,2715,537363,143973,13479,336629,10612,326017,15,2016
Illinois,12851684,9270907,1837612,29399,655799,4186,753559,300222,60418,239804,17,2016
Indiana,6589578,5534759,608226,15799,130232,2746,151500,146316,19008,127308,18,2016
Iowa,3106589,2823890,103052,9951,66570,2422,39410,61294,5408,55886,19,2016
Kansas,2898292,2468923,167706,23871,77605,1874,62283,96030,9574,86456,20,2016
Kentucky,4411989,3859516,350242,9052,57084,2584,40674,92837,8138,84699,21,2016
Louisiana,4645670,2909290,1494201,26403,78719,1464,50434,85159,8633,76526,22,2016
Maine,1329923,1260476,16303,8013,14643,211,3151,27126,841,26285,23,2016
Maryland,5959902,3408240,1765926,15946,362259,2792,218586,186153,21051,165102,24,2016
Massachusetts,6742143,5343665,489233,13931,411736,2002,278562,203014,32167,170847,25,2016
Michigan,9909600,7817827,1376446,52891,276769,2492,111377,271798,25328,246470,26,2016
Minnesota,5450868,4597525,310853,56904,246819,1969,88296,148502,11416,137086,27,2016
Mississippi,2986220,1755471,1122576,13258,28859,597,27530,37929,3257,34672,28,2017
Missouri,6075300,5004537,703061,25933,112959,6336,71084,151390,11570,139820,29,2017
Montana,1029862,916664,4438,66865,7448,571,5492,28384,1684,26700,30,2017
Nebraska,1893921,1663612,89718,16012,42208,1524,35276,45571,4727,40844,31,2017
Nevada,2887725,1936453,253013,32426,232502,19019,279977,134335,21767,112568,32,2017
New Hampshire,1331848,1244260,18632,2148,33313,289,7016,26190,2397,23793,33,2017
New Jersey,8960161,6085474,1207356,18006,844105,3013,573146,229061,52405,176656,34,2017
New Mexico,2084828,1547843,42187,197191,29991,1390,197944,68282,23333,44949,35,2017
Alabama,4850771,3317702,1287167,25098,62815,2213,66942,88834,7644,81190,01,2017
Alaska,738565,481971,23702,104995,45604,9075,10505,62713,3204,59509,02,2017
Arizona,6809946,5277661,292831,300182,213417,13364,474583,237908,48784,189124,04,2017
Arkansas,2977944,2302141,459969,19476,42368,7062,75106,71822,6651,65171,05,2017
California,38982847,23607242,2263222,292018,5503672,152027,5329952,1834714,399813,1434901,06,2017
New York,19798228,12638791,3100685,77130,1652846,7937,1730813,590026,148758,441268,36,2017
North Carolina,10052564,6937466,2159427,117998,269164,6393,310920,251196,27655,223541,37,2017
North Dakota,745475,654024,17365,39507,10197,341,6600,17441,1188,16253,38,2017
Ohio,11609756,9503779,1428230,21872,235878,3499,103726,312772,25907,286865,39,2017
Oklahoma,3896251,2828569,283821,289871,80670,5543,105686,302091,15279,286812,40,2017
Oregon,4025127,3416776,76347,45332,166351,15157,121000,184164,17499,166665,41,2017
Pennsylvania,12790505,10378174,1417611,24995,417525,3665,251215,297320,35838,261482,42,2017
Rhode Island,1056138,854801,68346,5413,35556,759,59967,31296,6889,24407,44,2017
South Carolina,4893444,3292598,1332110,14992,71994,3015,74328,104407,10727,93680,45,2017
South Dakota,855444,724430,14698,74062,11693,381,6687,23493,1431,22062,46,2017
Tennessee,6597381,5131786,1107392,17568,110605,3784,88745,137501,11432,126069,47,2017
Texas,27419612,20459525,3286950,130360,1236852,23531,1580393,702001,149391,552610,48,2017
Vermont,624636,590499,7921,2072,9680,206,2197,12061,418,11643,50,2017
Utah,2993941,2600077,33619,32079,67545,26742,150596,83283,14531,68752,49,2017
Virginia,8365952,5720209,1605447,22499,520119,5469,200265,291944,30558,261386,51,2017
Washington,7169967,5500837,261743,94754,578822,46071,293007,394733,36006,358727,53,2017
West Virginia,1836843,1714591,65300,3322,14096,541,7193,31800,1712,30088,54,2017
Wisconsin,5763217,4950577,365884,50094,152325,1811,111435,131091,16031,115060,55,2017
Wyoming,583200,532394,6121,13549,5102,470,10247,15317,2113,13204,56,2017
Puerto Rico,3468963,2389446,338939,10849,7789,136,511785,210019,18701,191318,72,2017
Delaware,943732,652170,206290,3482,36553,465,18512,26260,2514,23746,10,2017
District of Columbia,672391,273471,321062,1757,25558,289,30961,19293,2665,16628,11,2017
Connecticut,3594478,2757064,376240,9385,156450,931,183754,110654,25216,85438,09,2017
Florida,20278447,15343997,3270863,56730,543394,12342,536298,514823,89900,424923,12,2017
Georgia,10201635,6061821,3195268,30552,388946,5237,282570,237241,33692,203549,13,2017
Idaho,1657375,1507880,11231,21323,22720,2343,47964,43914,6090,37824,16,2017
Hawaii,1421658,357308,25884,2756,540556,142600,14056,338498,9958,328540,15,2017
Illinois,12854526,9236701,1833501,29696,671811,4275,767145,311397,63104,248293,17,2017
Indiana,6614418,5546787,613060,15027,137680,2635,145791,153438,19804,133634,18,2017
Iowa,3118102,2824197,106762,10791,71178,2913,39527,62734,5151,57583,19,2017
Kansas,2903820,2465518,168470,23503,80738,1923,65253,98415,9305,89110,20,2017
Kentucky,4424376,3862600,353088,9324,59593,2271,41197,96303,7942,88361,21,2017
Louisiana,4663461,2909599,1500648,27094,80980,1401,56216,87523,8886,78637,22,2017
Maine,1330158,1258918,16906,8212,14804,249,2967,28102,885,27217,23,2017
Maryland,5996079,3395212,1782256,16281,373065,2830,236834,189601,21692,167909,24,2017
Massachusetts,6789319,5358373,499774,14336,426225,2253,278835,209523,31591,177932,25,2017
Michigan,9925568,7813199,1374515,51804,289082,2808,115258,278902,25374,253528,26,2017
Minnesota,5490726,4598252,326953,57566,255935,1976,95600,154444,13104,141340,27,2017
Colorado,5436519,4576201,221155,51406,164771,8580,225497,188909,33670,155239,08,2017
Mississippi,2988762,1751193,1125834,13689,28313,707,28833,40193,3550,36643,28,2018
Missouri,6090062,5008342,704896,26952,116720,6662,71162,155328,11364,143964,29,2018
Montana,1041732,925642,4630,67289,7947,757,6032,29435,1798,27637,30,2018
Nebraska,1904760,1666463,90860,17282,44105,1392,36058,48600,5440,43160,31,2018
Nevada,2922849,1935103,261123,35845,234693,19352,296234,140499,23442,117057,32,2018
New Hampshire,1343622,1250014,20516,2090,36124,359,6629,27890,2657,25233,33,2018
New Jersey,8881845,6031747,1196764,18649,832403,3357,567976,230949,53267,177682,34,2018
New Mexico,2092434,1558886,43006,199896,31513,1514,190111,67508,23752,43756,35,2018
New York,19618453,12514949,3068099,79644,1630341,8017,1718220,599183,146584,452599,36,2018
North Carolina,10155624,6994240,2179622,121352,282264,6939,307906,263301,27712,235589,37,2018
North Dakota,752201,655268,20445,39462,10814,378,7528,18306,1197,17109,38,2018
Ohio,11641879,9489832,1438271,23563,249741,3591,109792,327089,26734,300355,39,2018
Oklahoma,3918137,2837772,287959,294676,83392,4471,106757,303110,15080,288030,40,2018
Oregon,4081943,3445933,77789,46961,174510,16006,127084,193660,20228,173432,41,2018
Pennsylvania,12791181,10341442,1423319,24847,427892,4107,258694,310880,38055,272825,42,2018
Rhode Island,1056611,854502,69254,5484,35663,863,58136,32709,7387,25322,44,2018
South Carolina,4955925,3332986,1339360,16686,75084,3004,78597,110208,11089,99119,45,2018
South Dakota,864289,730062,16241,75331,12660,293,6613,23089,1193,21896,46,2018
Tennessee,6651089,5166231,1117489,17848,112915,3806,90666,142134,11728,130406,47,2018
Texas,27885195,20720689,3365783,136061,1308257,23672,1600234,730499,152824,577675,48,2018
Vermont,624977,589546,8058,2106,10579,184,2426,12078,388,11690,50,2018
Utah,3045350,2632056,35862,32657,69810,27096,157990,89879,14964,74915,49,2018
Virginia,8413774,5722660,1613285,22972,531503,5677,208464,309213,33041,276172,51,2018
Washington,7294336,5545997,269854,95048,607429,48043,311170,416795,40641,376154,53,2018
West Virginia,1829054,1704345,66728,3668,14534,350,7290,32139,2028,30111,54,2018
Wisconsin,5778394,4945966,368744,50422,159356,1975,115941,135990,16414,119576,55,2018
Wyoming,581836,532008,5540,14053,4756,539,9361,15579,1748,13831,56,2018
Puerto Rico,3386941,2283720,365010,8504,6684,303,547254,175466,16160,159306,72,2018
Alabama,4864680,3317453,1293186,25576,64609,2182,70055,91619,7079,84540,01,2018
Alaska,738516,478834,24129,106660,46556,8849,11027,62461,3474,58987,02,2018
Arizona,6946685,5364141,305259,309580,228887,14112,471823,252883,50168,202715,04,2018
Arkansas,2990671,2302874,460970,20037,43988,7969,78981,75852,7323,68529,05,2018
California,39148760,23529068,2267875,296475,5604339,153366,5415410,1882227,405831,1476396,06,2018
Colorado,5531141,4655584,227938,54483,172695,8296,214817,197328,34311,163017,08,2018
Delaware,949495,654905,209892,3455,36723,477,18034,26009,2578,23431,10,2018
District of Columbia,684498,280469,321317,1993,26718,340,33518,20143,2631,17512,11,2018
Connecticut,3581504,2734880,378262,9698,158817,1173,185244,113430,24904,88526,09,2018
Florida,20598139,15529098,3316376,58118,559168,12887,580152,542340,92522,449818,12,2018
Georgia,10297484,6079976,3239300,33484,402501,6095,283680,252448,35861,216587,13,2018
Idaho,1687809,1527262,11536,22790,23758,2761,53110,46592,6908,39684,16,2018
Hawaii,1422029,355612,26266,2987,536842,143274,15292,341756,9805,331951,15,2018
Illinois,12821497,9189185,1824125,31864,690822,4582,762506,318413,62866,255547,17,2018
Indiana,6637426,5548277,619472,14925,144991,2818,144648,162295,20887,141408,18,2018
Iowa,3132499,2827889,109911,11549,75083,3129,39168,65770,5130,60640,19,2018
Kansas,2908776,2460619,169801,24050,83531,2143,67588,101044,9398,91646,20,2018
Kentucky,4440204,3866676,354112,9888,62802,2814,44086,99826,8026,91800,21,2018
Louisiana,4663616,2901106,1502916,26272,79872,1468,60419,91563,8858,82705,22,2018
Maine,1332813,1259217,17881,8302,14917,318,2970,29208,1297,27911,23,2018
Maryland,6003435,3373181,1788090,15644,374277,3059,249815,199369,23951,175418,24,2018
Massachusetts,6830193,5360006,510558,14493,442574,2329,284740,215493,33401,182092,25,2018
Michigan,9957488,7818588,1375424,53235,304403,2979,119141,283718,25580,258138,26,2018
Minnesota,5527358,4606044,342186,58982,262359,2187,97833,157767,13309,144458,27,2018
Alabama,4876250,3320247,1299048,25565,66270,2238,70662,92220,6933,85287,01,2019
Alaska,737068,476015,24205,109751,45920,9204,11308,60665,3011,57654,02,2019
Arizona,7050299,5444453,317462,317414,233213,14458,460262,263037,50674,212363,04,2019
Arkansas,2999370,2301044,459542,20434,45504,8733,83576,80537,7658,72879,05,2019
California,39283497,23453222,2274108,303998,5692423,155290,5481792,1922664,414894,1507770,06,2019
Colorado,5610349,4712574,233647,54847,178147,8643,216767,205724,33882,171842,08,2019
Delaware,957248,658237,212302,3729,37009,542,18350,27079,3059,24020,10,2019
District of Columbia,692683,285857,320811,2091,27592,376,34511,21445,3037,18408,11,2019
Connecticut,3575074,2714031,383416,9955,161257,1123,186292,119000,25143,93857,09,2019
Florida,20901636,15702256,3359031,59320,571276,12653,625079,572021,95083,476938,12,2019
Georgia,10403847,6098889,3289020,37440,414481,6233,291872,265912,39023,226889,13,2019
Idaho,1717750,1545409,11918,23136,24287,2755,59676,50569,7968,42601,16,2019
Hawaii,1422094,354847,26025,3710,537355,142997,17433,339727,9194,330533,15,2019
Illinois,12770631,9134903,1813590,33460,698524,4477,757231,328446,62705,265741,17,2019
Indiana,6665703,5553391,626587,15782,151979,2506,145747,169711,21981,147730,18,2019
Iowa,3139508,2826070,116359,11976,75741,3729,39048,66585,5683,60902,19,2019
Kansas,2910652,2455935,170291,24010,85794,2382,71683,100557,8964,91593,20,2019
Kentucky,4449052,3868479,358928,9386,65191,3182,43601,100285,8650,91635,21,2019
Louisiana,4664362,2892275,1502963,26361,80806,1406,65592,94959,8371,86588,22,2019
Maine,1335492,1259522,18468,8660,15109,396,3541,29796,1467,28329,23,2019
Maryland,6018848,3343003,1799094,16762,378126,3034,272137,206692,23109,183583,24,2019
Massachusetts,6850553,5348538,522357,14764,452436,2804,286619,223035,35324,187711,25,2019
Michigan,9965265,7813755,1374314,53316,311721,3099,117801,291259,26495,264764,26,2019
Minnesota,5563378,4609049,356515,58011,268181,2194,104032,165396,14838,150558,27,2019
Mississippi,2984418,1743217,1125623,14269,29605,680,30728,40296,3103,37193,28,2019
Missouri,6104910,5015904,701334,27084,120654,8231,71335,160368,10895,149473,29,2019
Montana,1050649,930204,5303,66839,8259,807,7076,32161,1827,30334,30,2019
Nebraska,1914571,1666871,92406,17673,45655,1327,40253,50386,5104,45282,31,2019
Nevada,2972382,1949707,271005,38026,242267,20022,304947,146408,24017,122391,32,2019
New Hampshire,1348124,1252128,21546,2036,36180,443,7510,28281,1999,26282,33,2019
New Jersey,8878503,6018074,1194882,19711,840168,3458,558665,243545,55033,188512,34,2019
New Mexico,2092454,1565366,44120,199845,32577,1644,180638,68264,22252,46012,35,2019
New York,19572319,12459687,3065471,79512,1647606,8821,1694965,616257,148526,467731,36,2019
North Carolina,10264876,7049919,2200761,123952,292992,7213,316763,273276,28131,245145,37,2019
North Dakota,756717,655136,21985,40006,11006,863,8109,19612,1305,18307,38,2019
Ohio,11655397,9476047,1446193,22816,258199,3880,112836,335426,25623,309803,39,2019
Oklahoma,3932870,2844070,286356,299621,85239,6260,106709,304615,14276,290339,40,2019
Oregon,4129803,3480920,78679,48060,180580,16625,126587,198352,20355,177997,41,2019
Pennsylvania,12791530,10300602,1430664,24691,436324,4198,275177,319874,40362,279512,42,2019
Rhode Island,1057231,850597,71561,5277,35958,810,57807,35221,8244,26977,44,2019
South Carolina,5020806,3372011,1344139,17645,78805,4002,88274,115930,12267,103663,45,2019
South Dakota,870638,733719,17531,76190,12627,504,7230,22837,1099,21738,46,2019
Tennessee,6709356,5205132,1124473,18189,117600,3771,92655,147536,12138,135398,47,2019
Texas,28260856,20903375,3428211,141425,1357273,25292,1643869,761411,159939,601472,48,2019
Vermont,624313,587883,8502,2132,10461,325,2410,12600,428,12172,50,2019
Utah,3096848,2676482,36849,33721,71977,27554,156229,94036,15370,78666,49,2019
Virginia,8454463,5717617,1621592,23873,541133,6179,223794,320275,32870,287405,51,2019
Washington,7404107,5581128,281683,94449,631333,49090,333038,433386,43021,390365,53,2019
West Virginia,1817305,1691600,66990,3667,14523,419,7971,32135,1698,30437,54,2019
Wisconsin,5790716,4946961,371200,51392,161841,2400,118350,138572,17096,121476,55,2019
Wyoming,581024,531304,5582,14164,5025,596,8832,15521,1874,13647,56,2019
Puerto Rico,3318447,2188014,386676,6838,6237,269,554764,175649,15254,160395,72,2019
Pennsylvania,12794885,10155004,1419582,20798,449320,4268,312888,433025,129126,303899,42,2020
California,39346023,22053721,2250962,311629,5834312,149636,5623747,3122016,1472235,1649781,06,2020
West Virginia,1807426,1672255,64285,3146,14228,474,9278,43760,9399,34361,54,2020
Utah,3151239,2682881,38059,33222,73190,29450,160786,133651,47171,86480,49,2020
New York,19514849,12160045,3002401,76535,1674216,9376,1670723,921553,400648,520905,36,2020
District of Columbia,701974,288306,318631,2438,28762,328,33764,29745,7853,21892,11,2020
Alaska,736990,466961,23894,107298,47289,10485,12231,68832,6529,62303,02,2020
Florida,21216924,15199588,3381061,55655,590668,13339,699596,1277017,749495,527522,12,2020
South Carolina,5091517,3386329,1346560,16951,83573,3633,102760,151711,36953,114758,45,2020
North Dakota,760394,651470,23959,39165,11979,1004,8875,23942,4472,19470,38,2020
Maine,1340825,1256030,18635,8894,15270,190,4846,36960,7330,29630,23,2020
Georgia,10516579,6020265,3319844,34962,434603,7127,306609,393169,130839,262330,13,2020
Alabama,4893186,3302834,1301319,24764,67909,2042,74996,119322,26577,92745,01,2020
New Hampshire,1355244,1246602,21045,2197,36581,424,8543,39852,11547,28305,33,2020
Oregon,4176346,3449081,79117,45683,187801,16445,140247,257972,68262,189710,41,2020
Wyoming,581348,525246,5079,13117,4892,589,9707,22718,6920,15798,56,2020
Arizona,7174064,5292498,325105,311014,239190,14633,492027,499597,258075,241522,04,2020
Louisiana,4664616,2856904,1500633,25938,80930,1743,72815,125653,31334,94319,22,2020
Indiana,6696893,5510354,631923,14030,158705,2205,157085,222591,61517,161074,18,2020
Idaho,1754367,1550979,11536,23029,24501,3174,66052,75096,28959,46137,16,2020
Connecticut,3570549,2649994,382161,9079,163262,1189,192217,172647,66586,106061,09,2020
Hawaii,1420074,342923,26717,3508,534519,147698,19791,344918,13098,331820,15,2020
Illinois,12716164,8874067,1796660,33972,709567,5196,757150,539552,244984,294568,17,2020
Massachusetts,6873003,5261787,513369,13999,466044,2786,286774,328244,119347,208897,25,2020
Texas,28635442,19805623,3464424,137921,1415664,25328,1788398,1998084,1294464,703620,48,2020
Montana,1061705,932157,5919,65523,8664,595,8142,40705,7690,33015,30,2020
Nebraska,1923826,1641256,91896,16875,47944,1235,48683,75937,25590,50347,31,2020
Ohio,11675275,9394878,1442655,20442,268527,3907,129717,415149,75898,339251,39,2020
Colorado,5684926,4634305,235692,53671,181733,8883,233413,337229,147359,189870,08,2020
New Jersey,8885418,5820147,1189681,22288,857873,3156,564662,427611,218923,208688,34,2020
Maryland,6037624,3275048,1803128,15860,384429,2650,285370,271139,67457,203682,24,2020
Virginia,8509358,5643436,1620649,22553,570398,5994,240542,405786,104669,301117,51,2020
Vermont,624340,584360,7964,1873,10126,205,2677,17135,2969,14166,50,2020
North Carolina,10386227,7019443,2217522,120272,308958,7368,334295,378369,109896,268473,37,2020
Arkansas,3011873,2269959,457840,19146,46130,10455,88363,119980,37364,82616,05,2020
Washington,7512465,5523881,290245,91766,662902,51117,360578,531976,120428,411548,53,2020
Kansas,2912619,2416165,165837,22278,87093,2344,78857,140045,37310,102735,20,2020
Oklahoma,3949342,2809793,287856,303791,87033,6418,109614,344837,43566,301271,40,2020
Wisconsin,5806975,4895065,367889,48674,163396,2672,134715,194564,54093,140471,55,2020
Mississippi,2981835,1729353,1123545,13951,29742,1215,33999,50030,10256,39774,28,2020
Missouri,6124160,4978046,698043,24274,123810,8887,76782,214318,51673,162645,29,2020
Michigan,9973907,7735902,1360149,50035,316844,3117,131580,376280,83565,292715,26,2020
Rhode Island,1057798,835608,69196,4344,36536,790,59003,52321,22904,29417,44,2020
Minnesota,5600166,4572149,359817,54558,275242,2201,118748,217451,42594,174857,27,2020
Iowa,3150011,2806418,117035,10538,79296,3941,39804,92979,24037,68942,19,2020
New Mexico,2097021,1467849,43476,195166,33695,1853,184680,170302,114872,55430,35,2020
Nevada,3030281,1881048,282722,37715,252314,21398,326603,228481,98165,130316,32,2020
Delaware,967679,652587,212795,3560,38528,705,21937,37567,8973,28594,10,2020
Puerto Rico,3255642,1952451,367906,5697,5882,258,608067,315381,150750,164631,72,2020
Kentucky,4461952,3848305,361230,8364,68139,3033,48165,124716,26648,98068,21,2020
South Dakota,879336,735228,18836,74975,12413,544,7320,30020,5930,24090,46,2020
Tennessee,6772268,5196680,1128806,17178,122897,3959,103760,198988,52258,146730,47,2020
Alabama,4997675,3338590,1324233,21661,70161,1702,86013,155315,45865,109450,01,2021
Alaska,735951,458520,23721,107531,47213,10766,14254,73946,10294,63652,02,2021
Arizona,7079203,4985729,318827,300862,234495,13979,490290,735021,461736,273285,04,2021
Arkansas,3006309,2227020,458086,17459,46388,10627,87626,159103,70121,88982,05,2021
California,39455353,20553732,2233258,360607,5887396,148278,6036865,4235217,2490857,1744360,06,2021
Colorado,5723176,4507448,234065,53143,183391,8192,258867,478070,262707,215363,08,2021
Connecticut,3605330,2595884,389290,8714,167308,1262,215605,227267,114994,112273,09,2021
Delaware,981892,645409,215745,3064,39684,383,28095,49512,17378,32134,10,2021
District of Columbia,683154,276373,305109,1984,27988,359,32484,38857,14262,24595,11,2021
Florida,21339762,14449017,3358469,54466,596862,13065,866158,2001725,1406788,594937,12,2021
Georgia,10625615,5934931,3350903,34928,448181,6894,334875,514903,221633,293270,13,2021
Hawaii,1453498,344295,28142,4286,544643,153485,23633,355014,18697,336317,15,2021
Idaho,1811617,1567799,12242,22799,24616,3016,77835,103310,50399,52911,16,2021
Illinois,12821813,8699413,1804013,42714,725482,5111,795980,749100,430285,318815,17,2021
Indiana,6751340,5483296,635076,11399,163657,2276,167683,287953,106749,181204,18,2021
Iowa,3179090,2795319,119036,10889,79188,4182,46711,123765,46329,77436,19,2021
Kansas,2932099,2386766,165291,21657,87946,2196,88787,179456,67886,111570,20,2021
Kentucky,4494141,3842383,361703,7114,68737,3961,51365,158878,46605,112273,21,2021
Louisiana,4657305,2805875,1486002,25550,80438,2172,79627,177641,65233,112408,22,2021
Maine,1357046,1261097,19525,7578,14917,228,6800,46901,14871,32030,23,2021
Maryland,6148545,3238671,1833987,17266,397087,2928,326831,331775,113106,218669,24,2021
Massachusetts,6991852,5211704,511394,14939,480944,2406,318785,451680,224943,226737,25,2021
Michigan,10062512,7715291,1368177,48361,322218,2915,142181,463369,149857,313512,26,2021
Minnesota,5670472,4576758,376406,52695,283382,2338,120011,258882,74480,184402,27,2021
Mississippi,2967023,1701989,1113414,13357,29092,1129,38053,69989,20161,49828,28,2021
Missouri,6141534,4930466,695678,19904,123406,8468,84084,279528,96321,183207,29,2021
Montana,1077978,938223,6236,65452,8972,581,10155,48359,13846,34513,30,2021
Nebraska,1951480,1630376,93358,17937,48379,1175,60041,100214,45055,55159,31,2021
Nevada,3059238,1799601,284412,37850,255094,21810,345215,315256,165941,149315,32,2021
New Hampshire,1372175,1249067,21834,1988,36625,513,11258,50890,20100,30790,33,2021
New Jersey,9234024,5787873,1225321,24719,900516,3303,675022,617270,380273,236997,34,2021
New Mexico,2109366,1364638,44792,197712,34313,1705,204742,261464,196830,64634,35,2021
New York,20114745,12215118,3058846,83734,1739196,9131,1808007,1200713,642064,558649,36,2021
North Carolina,10367022,6865508,2193147,113719,314690,7119,372381,500458,195529,304929,37,2021
North Dakota,773344,656584,24349,39103,12313,1194,10002,29799,7142,22657,38,2021
Ohio,11769923,9374538,1452530,18416,276828,3899,141320,502392,134108,368284,39,2021
Oklahoma,3948136,2752553,284536,303792,88601,6760,118507,393387,76760,316627,40,2021
Oregon,4207177,3394838,77913,46075,186724,17272,158743,325612,117182,208430,41,2021
Pennsylvania,12970650,10153752,1425210,20511,460932,4426,350618,555201,214311,340890,42,2021
Rhode Island,1091949,841181,69398,4437,37701,689,66575,71968,40384,31584,44,2021
South Carolina,5078903,3334961,1328691,15595,83441,4545,109896,201774,71597,130177,45,2021
South Dakota,881785,728526,19300,73296,12677,753,8714,38519,10937,27582,46,2021
Tennessee,6859497,5198206,1130608,15219,125581,4312,123978,261593,92352,169241,47,2021
Texas,28862581,18566027,3499862,147892,1452713,24608,2019394,3152085,2383697,768388,48,2021
Utah,3231370,2704561,38545,33242,75530,29086,168048,182358,80779,101579,49,2021
Vermont,641637,596282,8166,1520,10759,165,3123,21622,6135,15487,50,2021
Virginia,8582479,5574307,1631941,24007,578210,5313,265361,503340,177168,326172,51,2021
Washington,7617364,5465011,293401,90789,682711,50902,378956,655594,206432,449162,53,2021
West Virginia,1801049,1658405,61143,1911,13882,683,9562,55463,15990,39473,54,2021
Wisconsin,5871661,4894019,372439,45831,166670,2862,130363,259477,106159,153318,55,2021
Wyoming,576641,511179,5242,12987,5046,433,13317,28437,12276,16161,56,2021
Puerto Rico,3311274,1693651,329651,5407,6263,245,714904,561153,389412,171741,72,2021
Alabama,5028092,3329012,1326341,21122,69808,2253,93924,185632,63576,122056,01,2022
Alaska,734821,450472,23395,104957,47464,11209,14597,82727,15138,67589,02,2022
Arizona,7172282,4781702,327077,297590,240642,14116,549361,961794,668727,293067,04,2022
Arkansas,3018669,2193348,456693,16840,47413,11117,89782,203476,106205,97271,05,2022
California,39356104,18943660,2202587,394188,5949136,150531,6388999,5327003,3506890,1820113,06,2022
Colorado,5770790,4393409,233712,57022,185431,8094,283146,609976,375060,234916,08,2022
Connecticut,3611317,2522166,385407,9043,170945,1345,233926,288485,162640,125845,09,2022
Delaware,993635,634244,218266,3309,40570,365,32751,64130,28821,35309,10,2022
District of Columbia,670587,265633,297101,2209,27067,420,30879,47278,20539,26739,11,2022
Florida,21634529,13807410,3355708,59197,609990,13200,1045557,2743467,2089692,653775,12,2022
Georgia,10722325,5820019,3373948,37920,465487,7411,378659,638881,315042,323839,13,2022
Hawaii,1450589,333296,28665,4210,538970,150797,24503,370148,23091,347057,15,2022
Idaho,1854109,1574859,12781,22297,24987,2721,83887,132577,73263,59314,16,2022
Illinois,12757634,8388659,1774605,55819,738071,5476,842553,952451,606350,346101,17,2022
Indiana,6784403,5426227,640752,12465,168899,2490,187740,345830,153259,192571,18,2022
Iowa,3188836,2769619,120619,10111,78940,4582,54569,150396,65729,84667,19,2022
Kansas,2935922,2341473,163581,22015,88513,2729,102461,215150,96078,119072,20,2022
Kentucky,4502935,3816997,360184,6821,69187,3805,56352,189589,68088,121501,21,2022
Louisiana,4640546,2758714,1464582,24952,80363,2361,84387,225187,98242,126945,22,2022
Maine,1366949,1261284,21775,6722,15071,265,8128,53704,21246,32458,23,2022
Maryland,6161707,3154247,1841926,18343,399736,3120,355402,388933,153723,235210,24,2022
Massachusetts,6984205,5075525,498785,14740,487600,2766,347501,557288,322753,234535,25,2022
Michigan,10057921,7617085,1363539,45662,327551,2780,157999,543305,209757,333548,26,2022
Minnesota,5695292,4537219,382082,51434,286146,2324,133098,302989,102874,200115,27,2022
Mississippi,2958846,1685024,1101836,12777,29041,1200,41764,87204,29813,57391,28,2022
Missouri,6154422,4884165,693892,17559,127044,8831,91703,331228,134401,196827,29,2022
Montana,1091840,943827,6026,63493,9211,681,11592,57010,19231,37779,30,2022
Nebraska,1958939,1603239,93555,18550,48874,1318,69315,124088,63635,60453,31,2022
Nevada,3104817,1732783,290223,40745,263063,21884,360620,395499,234103,161396,32,2022
New Hampshire,1379610,1241594,20920,2070,36352,348,15009,63317,29967,33350,33,2022
New Jersey,9249063,5528604,1213265,29780,913364,2554,768606,792890,536450,256440,34,2022
New Mexico,2112463,1250614,44894,198140,34400,1849,233978,348588,278356,70232,35,2022
New York,19994379,11749652,3011116,93384,1767598,9120,1878496,1485013,883505,601508,36,2022
North Carolina,10470214,6800458,2192455,109600,325670,6948,421954,613129,278960,334169,37,2022
North Dakota,776874,656425,25233,36284,12474,1459,10705,34294,10445,23849,38,2022
Ohio,11774683,9281702,1449450,17094,283278,4037,157485,581637,190279,391358,39,2022
Oklahoma,3970497,2716667,284453,298628,91720,7313,124427,447289,118519,328770,40,2022
Oregon,4229374,3328095,79593,46880,187852,17139,180534,389281,168170,221111,41,2022
Pennsylvania,12989208,10010379,1407814,20570,473192,4256,405422,667575,303356,364219,42,2022
Rhode Island,1094250,816308,67615,4072,37881,761,75669,91944,56475,35469,44,2022
South Carolina,5142750,3342861,1326209,15617,85834,2722,123269,246238,103873,142365,45,2022
South Dakota,890342,731624,19525,70948,12754,494,10567,44430,13890,30540,46,2022
Tennessee,6923772,5182736,1126815,14118,128630,4684,139938,326851,140517,186334,47,2022
Texas,29243342,17293460,3552579,169576,1511069,27350,2281525,4407783,3547610,860173,48,2022
Utah,3283809,2705194,37712,32948,77761,30748,174721,224725,114101,110624,49,2022
Vermont,643816,594131,8000,1336,10824,148,3568,25809,9039,16770,50,2022
Virginia,8624511,5473610,1630355,23728,591088,6185,303247,596298,252261,344037,51,2022
Washington,7688549,5374874,301477,91698,708647,53003,399571,759279,292781,466498,53,2022
West Virginia,1792967,1639342,61227,1730,13602,657,9504,66905,22651,44254,54,2022
Wisconsin,5882128,4854979,363331,43759,169052,2261,128690,320056,155464,164592,55,2022
Wyoming,577929,504798,4891,12359,4717,636,16504,34024,17046,16978,56,2022
Puerto Rico,3272382,1425431,286388,5066,6295,279,786315,762608,600716,161892,72,2022
Alabama,5054253,3303370,1318507,22491,71969,2564,107302,228050,93901,134149,01,2023
Alaska,733971,445545,22774,101226,47099,11379,16144,89804,17974,71830,02,2023
Arizona,7268175,4593653,336931,296794,249816,14434,595790,1180757,860447,320310,04,2023
Arkansas,3032651,2148886,452127,16893,47309,12040,91871,263525,157050,106475,05,2023
California,39242785,17248779,2173343,445219,5997069,147827,6820303,6410245,4507269,1902976,06,2023
Colorado,5810774,4268784,232985,58576,187534,8647,315713,738535,481908,256627,08,2023
Connecticut,3598348,2431342,384753,9569,170954,1806,256744,343180,211625,131555,09,2023
Delaware,1005872,621799,220645,3744,41164,403,41233,76884,38807,38077,10,2023
District of Columbia,672079,262549,290772,2044,27465,378,32338,56533,25537,30996,11,2023
Florida,21928881,13136701,3363769,66779,628137,13136,1222567,3497792,2792048,705744,12,2023
Georgia,10822590,5677531,3391689,42058,472915,7338,448586,782473,423987,358486,13,2023
Hawaii,1445635,325356,27740,3835,538807,149030,24334,376533,25989,350544,15,2023
Idaho,1893296,1578020,14108,21532,24979,3098,92163,159396,95208,64188,16,2023
Illinois,12692653,8038512,1750414,66990,738308,5514,920254,1172661,798909,373752,17,2023
Indiana,6811752,5347678,630680,17208,172936,2345,213942,426963,211710,215253,18,2023
Iowa,3195937,2735263,123234,10998,78267,4396,64571,179208,87663,91545,19,2023
Kansas,2937569,2289052,159829,21898,86212,2586,115004,262988,133595,129393,20,2023
Kentucky,4510725,3774581,355237,7610,68482,3737,67198,233880,98773,135107,21,2023
Louisiana,4621025,2678942,1434953,27605,79925,2884,107185,289531,150424,139107,22,2023
Maine,1377400,1258122,23145,6237,15318,276,9593,64709,30068,34641,23,2023
Maryland,6170738,3060731,1825880,23158,398305,2556,401540,458568,210107,248461,24,2023
Massachusetts,6992395,4945674,489390,16406,494890,2593,379870,663572,418724,244848,25,2023
Michigan,10051595,7516312,1346689,46010,329676,2670,176786,633452,279485,353967,26,2023
Minnesota,5713716,4476710,388789,50833,289148,2376,151560,354300,142051,212249,27,2023
Mississippi,2951438,1661873,1090777,13181,28918,1411,49104,106174,41085,65089,28,2023
Missouri,6168181,4831646,686616,16830,127846,9681,106663,388899,177439,211460,29,2023
Montana,1105072,946776,6015,63108,9197,485,13423,66068,25664,40404,30,2023
Nebraska,1965926,1570391,93595,19581,49107,933,83156,149163,83319,65844,31,2023
Nevada,3141000,1670302,295802,41434,274032,22581,370951,465898,288703,177195,32,2023
New Hampshire,1387834,1234149,21164,1923,35818,283,17835,76662,40961,35701,33,2023
New Jersey,9267014,5276142,1201053,41900,918644,2658,848026,978591,702017,276574,34,2023
New Mexico,2114768,1133871,44709,201346,36065,2049,253794,442934,363276,79658,35,2023
New York,19872319,11340944,2927008,102927,1769224,9671,1949904,1772641,1145140,627501,36,2023
North Carolina,10584340,6695587,2178329,110873,333844,6153,506289,753265,381924,371341,37,2023
North Dakota,779361,653820,25209,34916,12187,1127,11146,40956,14818,26138,38,2023
Ohio,11780046,9167192,1446466,17151,288117,4229,186517,670374,254268,416106,39,2023
Oklahoma,3995260,2668453,282536,295365,93550,7706,136607,511043,163012,348031,40,2023
Oregon,4238714,3247656,81642,46276,188624,16973,198863,458680,226533,232147,41,2023
Pennsylvania,12986518,9844085,1393616,23921,480439,4614,445130,794713,403932,390781,42,2023
Rhode Island,1095371,792361,63862,4855,38149,670,78252,117222,76968,40254,44,2023
South Carolina,5212774,3339447,1318630,16823,89723,3642,142798,301711,143401,158310,45,2023
South Dakota,899194,733035,20149,69514,12554,606,12547,50789,18073,32716,46,2023
Tennessee,6986082,5133249,1108897,17288,129226,5037,174679,417706,211764,205942,47,2023
Texas,29640343,15984990,3626137,190706,1581798,29841,2540808,5686063,4725932,960131,48,2023
Utah,3331187,2688129,37772,33869,78887,31483,185734,275313,154601,120712,49,2023
Vermont,645254,589835,7887,1273,10700,120,4413,31026,12469,18557,50,2023
Virginia,8657499,5344175,1623031,27216,593606,5679,351544,712248,344409,367839,51,2023
Washington,7740984,5251386,306214,90212,727603,54406,430575,880588,389215,491373,53,2023
West Virginia,1784462,1622009,58519,1532,13434,513,12055,76400,28644,47756,54,2023
Wisconsin,5892023,4791680,361890,43336,169891,2229,139011,383986,208819,175167,55,2023
Wyoming,579761,498371,4982,11927,4792,499,18121,41069,22342,18727,56,2023
Puerto Rico,3254885,1146311,237762,5598,6035,168,879626,979385,823257,156128,72,2023
